"Title","Description","Area Path"
"Secure Access Governance","Business Objective: Protect monitoring workflows so only authorized staff can view, change, and act on sensitive operational information. | Scope: Establish strategic controls, policies, and governance mechanisms for secure access governance. | Expected Outcome: Operations teams can run the capability confidently with traceable oversight and repeatable execution.","MedWatch\Foundation"
"Trusted Asset Enrollment","Business Objective: Ensure every monitored asset has clear ownership and accountability so operations teams can act quickly and confidently. | Scope: Establish strategic controls, policies, and governance mechanisms for trusted asset enrollment. | Expected Outcome: Operations teams can run the capability confidently with traceable oversight and repeatable execution.","MedWatch\Foundation"
"Consistent Data Intake","Business Objective: Ensure operational information is gathered consistently so health decisions are based on complete and current evidence. | Scope: Establish strategic controls, policies, and governance mechanisms for consistent data intake. | Expected Outcome: Operations teams can run the capability confidently with traceable oversight and repeatable execution.","MedWatch\Foundation"
"Unified Situation Awareness","Business Objective: Provide a single operational view that helps teams understand current risk and health status at a glance. | Scope: Establish strategic controls, policies, and governance mechanisms for unified situation awareness. | Expected Outcome: Operations teams can run the capability confidently with traceable oversight and repeatable execution.","MedWatch\Foundation"
"Infrastructure Health","Business Objective: Give operations teams clear visibility into computing resource strain before service quality is impacted. | Scope: Establish strategic controls, policies, and governance mechanisms for infrastructure health. | Expected Outcome: Operations teams can run the capability confidently with traceable oversight and repeatable execution.","MedWatch\Foundation"
"Availability Transparency","Business Objective: Support reliability commitments by continuously showing uptime performance across monitored systems. | Scope: Establish strategic controls, policies, and governance mechanisms for availability transparency. | Expected Outcome: Operations teams can run the capability confidently with traceable oversight and repeatable execution.","MedWatch\Core Platform"
"Clinical Data Exchange Reliability","Business Objective: Protect continuity of clinical information sharing by surfacing degraded or delayed exchange activity. | Scope: Establish strategic controls, policies, and governance mechanisms for clinical data exchange reliability. | Expected Outcome: Operations teams can run the capability confidently with traceable oversight and repeatable execution.","MedWatch\Core Platform"
"Workload Processing Flow","Business Objective: Prevent processing delays by exposing backlog growth and throughput bottlenecks in operational workflows. | Scope: Establish strategic controls, policies, and governance mechanisms for workload processing flow. | Expected Outcome: Operations teams can run the capability confidently with traceable oversight and repeatable execution.","MedWatch\Core Platform"
"Application Service Health","Business Objective: Show whether business applications and critical integrations are functioning as expected for clinical operations. | Scope: Establish strategic controls, policies, and governance mechanisms for application service health. | Expected Outcome: Operations teams can run the capability confidently with traceable oversight and repeatable execution.","MedWatch\Core Platform"
"Timely Critical Condition Identification","Business Objective: Reduce response time by identifying high-risk operational conditions as soon as they emerge. | Scope: Establish strategic controls, policies, and governance mechanisms for timely critical condition identification. | Expected Outcome: Operations teams can run the capability confidently with traceable oversight and repeatable execution.","MedWatch\Core Platform"
"Structured Incident Ownership","Business Objective: Improve resolution outcomes by managing incidents with clear ownership, status tracking, and closure discipline. | Scope: Establish strategic controls, policies, and governance mechanisms for structured incident ownership. | Expected Outcome: Operations teams can run the capability confidently with traceable oversight and repeatable execution.","MedWatch\Core Platform"
"Evidence-Based Investigation","Business Objective: Speed root-cause analysis by making operational evidence easy to find and review during incidents. | Scope: Establish strategic controls, policies, and governance mechanisms for evidence-based investigation. | Expected Outcome: Operations teams can run the capability confidently with traceable oversight and repeatable execution.","MedWatch\Core Platform"
"Coordinated Response Communication","Business Objective: Ensure the right people are informed quickly so critical issues are not delayed by communication gaps. | Scope: Establish strategic controls, policies, and governance mechanisms for coordinated response communication. | Expected Outcome: Operations teams can run the capability confidently with traceable oversight and repeatable execution.","MedWatch\Core Platform"
"Reliable Automation Oversight","Business Objective: Scale operational consistency by governing automated workflows and their execution controls. | Scope: Establish strategic controls, policies, and governance mechanisms for reliable automation oversight. | Expected Outcome: Operations teams can run the capability confidently with traceable oversight and repeatable execution.","MedWatch\Operational"
"Planned Change Control","Business Objective: Reduce planned-change risk by coordinating maintenance periods with clear timing and communication controls. | Scope: Establish strategic controls, policies, and governance mechanisms for planned change control. | Expected Outcome: Operations teams can run the capability confidently with traceable oversight and repeatable execution.","MedWatch\Operational"
"Policy-Driven Response Decisions","Business Objective: Standardize response quality by applying consistent decision policies to recurring operational conditions. | Scope: Establish strategic controls, policies, and governance mechanisms for policy-driven response decisions. | Expected Outcome: Operations teams can run the capability confidently with traceable oversight and repeatable execution.","MedWatch\Operational"
"Safe Automated Issue Correction","Business Objective: Lower disruption duration by enabling approved corrective actions to run quickly and safely. | Scope: Establish strategic controls, policies, and governance mechanisms for safe automated issue correction. | Expected Outcome: Operations teams can run the capability confidently with traceable oversight and repeatable execution.","MedWatch\Operational"
"Business Workflow Reliability","Business Objective: Reveal workflow interruptions early so patient-facing and internal business processes stay on track. | Scope: Establish strategic controls, policies, and governance mechanisms for business workflow reliability. | Expected Outcome: Operations teams can run the capability confidently with traceable oversight and repeatable execution.","MedWatch\Automation"
"Historical Performance Insight","Business Objective: Support planning and service improvement with trend-based reporting on operational performance over time. | Scope: Establish strategic controls, policies, and governance mechanisms for historical performance insight. | Expected Outcome: Operations teams can run the capability confidently with traceable oversight and repeatable execution.","MedWatch\Automation"
"Practical AI Operations Guidance","Business Objective: Increase team efficiency with affordable AI-generated guidance that prioritizes clear, actionable next steps. | Scope: Establish strategic controls, policies, and governance mechanisms for practical ai operations guidance. | Expected Outcome: Operations teams can run the capability confidently with traceable oversight and repeatable execution.","MedWatch\Presentation"
"Continuous Monitoring Solution Currency","Business Objective: Keep monitoring capabilities current without manual rollout delays that increase operational exposure. | Scope: Establish strategic controls, policies, and governance mechanisms for continuous monitoring solution currency. | Expected Outcome: Operations teams can run the capability confidently with traceable oversight and repeatable execution.","MedWatch\Presentation"
