"Epic","User Story","Title","Description","Area Path"
"Secure Access Governance","Deliver Secure and Accountable Monitoring Access Governance","Establish Secure and Accountable Monitoring Access Framework","Business Objective: Protect monitoring workflows so only authorized staff can view, change, and act on sensitive operational information. | Scope: Include oversight practices, evidence retention expectations, and operating guidance to sustain reliable daily use. | Implementation Guidance: Develop a system that records activity history, preserves required evidence, and guides teams through repeatable operations. | Expected Outcome: Operations teams can run the capability confidently with traceable oversight and repeatable execution.","MedWatch\Foundation"
"Secure Access Governance","Enable Secure and Accountable Monitoring Access Setup","Configure Secure and Accountable Monitoring Access Components","Business Objective: Protect monitoring workflows so only authorized staff can view, change, and act on sensitive operational information. | Scope: Create the initial secure and accountable monitoring access capability by defining participating assets, ownership assignments, and usage boundaries. | Implementation Guidance: Create a mechanism that captures operational context, ownership, and classification information for controlled use. | Expected Outcome: Operations teams can start using secure and accountable monitoring access with clear accountability and consistent setup standards.","MedWatch\Foundation"
"Secure Access Governance","Provide Secure and Accountable Monitoring Access Control Policies","Implement Secure and Accountable Monitoring Access Decision Rules","Business Objective: Protect monitoring workflows so only authorized staff can view, change, and act on sensitive operational information. | Scope: Include business rules for prioritization, severity handling, and response timing so teams can act consistently. | Implementation Guidance: Establish a process that applies configurable decision criteria and escalation pathways to operational conditions. | Expected Outcome: Operations teams can prioritize work using agreed decision rules and respond with consistent urgency.","MedWatch\Foundation"
"Trusted Asset Enrollment","Deliver Trusted Monitoring Asset Enrollment Governance","Establish Trusted Monitoring Asset Enrollment Framework","Business Objective: Ensure every monitored asset has clear ownership and accountability so operations teams can act quickly and confidently. | Scope: Include oversight practices, evidence retention expectations, and operating guidance to sustain reliable daily use. | Implementation Guidance: Develop a system that records activity history, preserves required evidence, and guides teams through repeatable operations. | Expected Outcome: Operations teams can run the capability confidently with traceable oversight and repeatable execution.","MedWatch\Foundation"
"Trusted Asset Enrollment","Enable Trusted Monitoring Asset Enrollment Setup","Configure Trusted Monitoring Asset Enrollment Components","Business Objective: Ensure every monitored asset has clear ownership and accountability so operations teams can act quickly and confidently. | Scope: Create the initial trusted monitoring asset enrollment capability by defining participating assets, ownership assignments, and usage boundaries. | Implementation Guidance: Create a mechanism that captures operational context, ownership, and classification information for controlled use. | Expected Outcome: Operations teams can start using trusted monitoring asset enrollment with clear accountability and consistent setup standards.","MedWatch\Foundation"
"Trusted Asset Enrollment","Provide Trusted Monitoring Asset Enrollment Control Policies","Implement Trusted Monitoring Asset Enrollment Decision Rules","Business Objective: Ensure every monitored asset has clear ownership and accountability so operations teams can act quickly and confidently. | Scope: Include business rules for prioritization, severity handling, and response timing so teams can act consistently. | Implementation Guidance: Establish a process that applies configurable decision criteria and escalation pathways to operational conditions. | Expected Outcome: Operations teams can prioritize work using agreed decision rules and respond with consistent urgency.","MedWatch\Foundation"
"Consistent Data Intake","Deliver Consistent Operational Data Intake Governance","Establish Consistent Operational Data Intake Framework","Business Objective: Ensure operational information is gathered consistently so health decisions are based on complete and current evidence. | Scope: Include oversight practices, evidence retention expectations, and operating guidance to sustain reliable daily use. | Implementation Guidance: Develop a system that records activity history, preserves required evidence, and guides teams through repeatable operations. | Expected Outcome: Operations teams can run the capability confidently with traceable oversight and repeatable execution.","MedWatch\Foundation"
"Consistent Data Intake","Enable Consistent Operational Data Intake Setup","Configure Consistent Operational Data Intake Components","Business Objective: Ensure operational information is gathered consistently so health decisions are based on complete and current evidence. | Scope: Create the initial consistent operational data intake capability by defining participating assets, ownership assignments, and usage boundaries. | Implementation Guidance: Create a mechanism that captures operational context, ownership, and classification information for controlled use. | Expected Outcome: Operations teams can start using consistent operational data intake with clear accountability and consistent setup standards.","MedWatch\Foundation"
"Consistent Data Intake","Provide Consistent Operational Data Intake Control Policies","Implement Consistent Operational Data Intake Decision Rules","Business Objective: Ensure operational information is gathered consistently so health decisions are based on complete and current evidence. | Scope: Include business rules for prioritization, severity handling, and response timing so teams can act consistently. | Implementation Guidance: Establish a process that applies configurable decision criteria and escalation pathways to operational conditions. | Expected Outcome: Operations teams can prioritize work using agreed decision rules and respond with consistent urgency.","MedWatch\Foundation"
"Unified Situation Awareness","Deliver Unified Operations Situation Awareness Governance","Establish Unified Operations Situation Awareness Framework","Business Objective: Provide a single operational view that helps teams understand current risk and health status at a glance. | Scope: Include oversight practices, evidence retention expectations, and operating guidance to sustain reliable daily use. | Implementation Guidance: Develop a system that records activity history, preserves required evidence, and guides teams through repeatable operations. | Expected Outcome: Operations teams can run the capability confidently with traceable oversight and repeatable execution.","MedWatch\Foundation"
"Unified Situation Awareness","Enable Unified Operations Situation Awareness Setup","Configure Unified Operations Situation Awareness Components","Business Objective: Provide a single operational view that helps teams understand current risk and health status at a glance. | Scope: Create the initial unified operations situation awareness capability by defining participating assets, ownership assignments, and usage boundaries. | Implementation Guidance: Create a mechanism that captures operational context, ownership, and classification information for controlled use. | Expected Outcome: Operations teams can start using unified operations situation awareness with clear accountability and consistent setup standards.","MedWatch\Foundation"
"Unified Situation Awareness","Provide Unified Operations Situation Awareness Control Policies","Implement Unified Operations Situation Awareness Decision Rules","Business Objective: Provide a single operational view that helps teams understand current risk and health status at a glance. | Scope: Include business rules for prioritization, severity handling, and response timing so teams can act consistently. | Implementation Guidance: Establish a process that applies configurable decision criteria and escalation pathways to operational conditions. | Expected Outcome: Operations teams can prioritize work using agreed decision rules and respond with consistent urgency.","MedWatch\Foundation"
"Infrastructure Health","Deliver Infrastructure Health Visibility Governance","Establish Infrastructure Health Visibility Framework","Business Objective: Give operations teams clear visibility into computing resource strain before service quality is impacted. | Scope: Include oversight practices, evidence retention expectations, and operating guidance to sustain reliable daily use. | Implementation Guidance: Develop a system that records activity history, preserves required evidence, and guides teams through repeatable operations. | Expected Outcome: Operations teams can run the capability confidently with traceable oversight and repeatable execution.","MedWatch\Foundation"
"Infrastructure Health","Enable Infrastructure Health Visibility Setup","Configure Infrastructure Health Visibility Components","Business Objective: Give operations teams clear visibility into computing resource strain before service quality is impacted. | Scope: Create the initial infrastructure health visibility capability by defining participating assets, ownership assignments, and usage boundaries. | Implementation Guidance: Create a mechanism that captures operational context, ownership, and classification information for controlled use. | Expected Outcome: Operations teams can start using infrastructure health visibility with clear accountability and consistent setup standards.","MedWatch\Foundation"
"Infrastructure Health","Provide Infrastructure Health Visibility Control Policies","Implement Infrastructure Health Visibility Decision Rules","Business Objective: Give operations teams clear visibility into computing resource strain before service quality is impacted. | Scope: Include business rules for prioritization, severity handling, and response timing so teams can act consistently. | Implementation Guidance: Establish a process that applies configurable decision criteria and escalation pathways to operational conditions. | Expected Outcome: Operations teams can prioritize work using agreed decision rules and respond with consistent urgency.","MedWatch\Foundation"
"Availability Transparency","Deliver Operational Availability Transparency Governance","Establish Operational Availability Transparency Framework","Business Objective: Support reliability commitments by continuously showing uptime performance across monitored systems. | Scope: Include oversight practices, evidence retention expectations, and operating guidance to sustain reliable daily use. | Implementation Guidance: Develop a system that records activity history, preserves required evidence, and guides teams through repeatable operations. | Expected Outcome: Operations teams can run the capability confidently with traceable oversight and repeatable execution.","MedWatch\Core Platform"
"Availability Transparency","Enable Operational Availability Transparency Setup","Configure Operational Availability Transparency Components","Business Objective: Support reliability commitments by continuously showing uptime performance across monitored systems. | Scope: Create the initial operational availability transparency capability by defining participating assets, ownership assignments, and usage boundaries. | Implementation Guidance: Create a mechanism that captures operational context, ownership, and classification information for controlled use. | Expected Outcome: Operations teams can start using operational availability transparency with clear accountability and consistent setup standards.","MedWatch\Core Platform"
"Availability Transparency","Provide Operational Availability Transparency Control Policies","Implement Operational Availability Transparency Decision Rules","Business Objective: Support reliability commitments by continuously showing uptime performance across monitored systems. | Scope: Include business rules for prioritization, severity handling, and response timing so teams can act consistently. | Implementation Guidance: Establish a process that applies configurable decision criteria and escalation pathways to operational conditions. | Expected Outcome: Operations teams can prioritize work using agreed decision rules and respond with consistent urgency.","MedWatch\Core Platform"
"Clinical Data Exchange Reliability","Deliver Clinical Data Exchange Reliability Visibility Governance","Establish Clinical Data Exchange Reliability Visibility Framework","Business Objective: Protect continuity of clinical information sharing by surfacing degraded or delayed exchange activity. | Scope: Include oversight practices, evidence retention expectations, and operating guidance to sustain reliable daily use. | Implementation Guidance: Develop a system that records activity history, preserves required evidence, and guides teams through repeatable operations. | Expected Outcome: Operations teams can run the capability confidently with traceable oversight and repeatable execution.","MedWatch\Core Platform"
"Clinical Data Exchange Reliability","Enable Clinical Data Exchange Reliability Visibility Setup","Configure Clinical Data Exchange Reliability Visibility Components","Business Objective: Protect continuity of clinical information sharing by surfacing degraded or delayed exchange activity. | Scope: Create the initial clinical data exchange reliability visibility capability by defining participating assets, ownership assignments, and usage boundaries. | Implementation Guidance: Create a mechanism that captures operational context, ownership, and classification information for controlled use. | Expected Outcome: Operations teams can start using clinical data exchange reliability visibility with clear accountability and consistent setup standards.","MedWatch\Core Platform"
"Clinical Data Exchange Reliability","Provide Clinical Data Exchange Reliability Visibility Control Policies","Implement Clinical Data Exchange Reliability Visibility Decision Rules","Business Objective: Protect continuity of clinical information sharing by surfacing degraded or delayed exchange activity. | Scope: Include business rules for prioritization, severity handling, and response timing so teams can act consistently. | Implementation Guidance: Establish a process that applies configurable decision criteria and escalation pathways to operational conditions. | Expected Outcome: Operations teams can prioritize work using agreed decision rules and respond with consistent urgency.","MedWatch\Core Platform"
"Workload Processing Flow","Deliver Workload Processing Flow Visibility Governance","Establish Workload Processing Flow Visibility Framework","Business Objective: Prevent processing delays by exposing backlog growth and throughput bottlenecks in operational workflows. | Scope: Include oversight practices, evidence retention expectations, and operating guidance to sustain reliable daily use. | Implementation Guidance: Develop a system that records activity history, preserves required evidence, and guides teams through repeatable operations. | Expected Outcome: Operations teams can run the capability confidently with traceable oversight and repeatable execution.","MedWatch\Core Platform"
"Workload Processing Flow","Enable Workload Processing Flow Visibility Setup","Configure Workload Processing Flow Visibility Components","Business Objective: Prevent processing delays by exposing backlog growth and throughput bottlenecks in operational workflows. | Scope: Create the initial workload processing flow visibility capability by defining participating assets, ownership assignments, and usage boundaries. | Implementation Guidance: Create a mechanism that captures operational context, ownership, and classification information for controlled use. | Expected Outcome: Operations teams can start using workload processing flow visibility with clear accountability and consistent setup standards.","MedWatch\Core Platform"
"Workload Processing Flow","Provide Workload Processing Flow Visibility Control Policies","Implement Workload Processing Flow Visibility Decision Rules","Business Objective: Prevent processing delays by exposing backlog growth and throughput bottlenecks in operational workflows. | Scope: Include business rules for prioritization, severity handling, and response timing so teams can act consistently. | Implementation Guidance: Establish a process that applies configurable decision criteria and escalation pathways to operational conditions. | Expected Outcome: Operations teams can prioritize work using agreed decision rules and respond with consistent urgency.","MedWatch\Core Platform"
"Application Service Health","Deliver Application Service Health Visibility Governance","Establish Application Service Health Visibility Framework","Business Objective: Show whether business applications and critical integrations are functioning as expected for clinical operations. | Scope: Include oversight practices, evidence retention expectations, and operating guidance to sustain reliable daily use. | Implementation Guidance: Develop a system that records activity history, preserves required evidence, and guides teams through repeatable operations. | Expected Outcome: Operations teams can run the capability confidently with traceable oversight and repeatable execution.","MedWatch\Core Platform"
"Application Service Health","Enable Application Service Health Visibility Setup","Configure Application Service Health Visibility Components","Business Objective: Show whether business applications and critical integrations are functioning as expected for clinical operations. | Scope: Create the initial application service health visibility capability by defining participating assets, ownership assignments, and usage boundaries. | Implementation Guidance: Create a mechanism that captures operational context, ownership, and classification information for controlled use. | Expected Outcome: Operations teams can start using application service health visibility with clear accountability and consistent setup standards.","MedWatch\Core Platform"
"Application Service Health","Provide Application Service Health Visibility Control Policies","Implement Application Service Health Visibility Decision Rules","Business Objective: Show whether business applications and critical integrations are functioning as expected for clinical operations. | Scope: Include business rules for prioritization, severity handling, and response timing so teams can act consistently. | Implementation Guidance: Establish a process that applies configurable decision criteria and escalation pathways to operational conditions. | Expected Outcome: Operations teams can prioritize work using agreed decision rules and respond with consistent urgency.","MedWatch\Core Platform"
"Timely Critical Condition Identification","Deliver Timely Critical Condition Identification Governance","Establish Timely Critical Condition Identification Framework","Business Objective: Reduce response time by identifying high-risk operational conditions as soon as they emerge. | Scope: Include oversight practices, evidence retention expectations, and operating guidance to sustain reliable daily use. | Implementation Guidance: Develop a system that records activity history, preserves required evidence, and guides teams through repeatable operations. | Expected Outcome: Operations teams can run the capability confidently with traceable oversight and repeatable execution.","MedWatch\Core Platform"
"Timely Critical Condition Identification","Enable Timely Critical Condition Identification Setup","Configure Timely Critical Condition Identification Components","Business Objective: Reduce response time by identifying high-risk operational conditions as soon as they emerge. | Scope: Create the initial timely critical condition identification capability by defining participating assets, ownership assignments, and usage boundaries. | Implementation Guidance: Create a mechanism that captures operational context, ownership, and classification information for controlled use. | Expected Outcome: Operations teams can start using timely critical condition identification with clear accountability and consistent setup standards.","MedWatch\Core Platform"
"Timely Critical Condition Identification","Provide Timely Critical Condition Identification Control Policies","Implement Timely Critical Condition Identification Decision Rules","Business Objective: Reduce response time by identifying high-risk operational conditions as soon as they emerge. | Scope: Include business rules for prioritization, severity handling, and response timing so teams can act consistently. | Implementation Guidance: Establish a process that applies configurable decision criteria and escalation pathways to operational conditions. | Expected Outcome: Operations teams can prioritize work using agreed decision rules and respond with consistent urgency.","MedWatch\Core Platform"
"Structured Incident Ownership","Deliver Structured Incident Ownership Governance","Establish Structured Incident Ownership Framework","Business Objective: Improve resolution outcomes by managing incidents with clear ownership, status tracking, and closure discipline. | Scope: Include oversight practices, evidence retention expectations, and operating guidance to sustain reliable daily use. | Implementation Guidance: Develop a system that records activity history, preserves required evidence, and guides teams through repeatable operations. | Expected Outcome: Operations teams can run the capability confidently with traceable oversight and repeatable execution.","MedWatch\Core Platform"
"Structured Incident Ownership","Enable Structured Incident Ownership Setup","Configure Structured Incident Ownership Components","Business Objective: Improve resolution outcomes by managing incidents with clear ownership, status tracking, and closure discipline. | Scope: Create the initial structured incident ownership capability by defining participating assets, ownership assignments, and usage boundaries. | Implementation Guidance: Create a mechanism that captures operational context, ownership, and classification information for controlled use. | Expected Outcome: Operations teams can start using structured incident ownership with clear accountability and consistent setup standards.","MedWatch\Core Platform"
"Structured Incident Ownership","Provide Structured Incident Ownership Control Policies","Implement Structured Incident Ownership Decision Rules","Business Objective: Improve resolution outcomes by managing incidents with clear ownership, status tracking, and closure discipline. | Scope: Include business rules for prioritization, severity handling, and response timing so teams can act consistently. | Implementation Guidance: Establish a process that applies configurable decision criteria and escalation pathways to operational conditions. | Expected Outcome: Operations teams can prioritize work using agreed decision rules and respond with consistent urgency.","MedWatch\Core Platform"
"Evidence-Based Investigation","Deliver Evidence-Based Operational Investigation Governance","Establish Evidence-Based Operational Investigation Framework","Business Objective: Speed root-cause analysis by making operational evidence easy to find and review during incidents. | Scope: Include oversight practices, evidence retention expectations, and operating guidance to sustain reliable daily use. | Implementation Guidance: Develop a system that records activity history, preserves required evidence, and guides teams through repeatable operations. | Expected Outcome: Operations teams can run the capability confidently with traceable oversight and repeatable execution.","MedWatch\Core Platform"
"Evidence-Based Investigation","Enable Evidence-Based Operational Investigation Setup","Configure Evidence-Based Operational Investigation Components","Business Objective: Speed root-cause analysis by making operational evidence easy to find and review during incidents. | Scope: Create the initial evidence-based operational investigation capability by defining participating assets, ownership assignments, and usage boundaries. | Implementation Guidance: Create a mechanism that captures operational context, ownership, and classification information for controlled use. | Expected Outcome: Operations teams can start using evidence-based operational investigation with clear accountability and consistent setup standards.","MedWatch\Core Platform"
"Evidence-Based Investigation","Provide Evidence-Based Operational Investigation Control Policies","Implement Evidence-Based Operational Investigation Decision Rules","Business Objective: Speed root-cause analysis by making operational evidence easy to find and review during incidents. | Scope: Include business rules for prioritization, severity handling, and response timing so teams can act consistently. | Implementation Guidance: Establish a process that applies configurable decision criteria and escalation pathways to operational conditions. | Expected Outcome: Operations teams can prioritize work using agreed decision rules and respond with consistent urgency.","MedWatch\Core Platform"
"Coordinated Response Communication","Deliver Coordinated Response Communication Governance","Establish Coordinated Response Communication Framework","Business Objective: Ensure the right people are informed quickly so critical issues are not delayed by communication gaps. | Scope: Include oversight practices, evidence retention expectations, and operating guidance to sustain reliable daily use. | Implementation Guidance: Develop a system that records activity history, preserves required evidence, and guides teams through repeatable operations. | Expected Outcome: Operations teams can run the capability confidently with traceable oversight and repeatable execution.","MedWatch\Core Platform"
"Coordinated Response Communication","Enable Coordinated Response Communication Setup","Configure Coordinated Response Communication Components","Business Objective: Ensure the right people are informed quickly so critical issues are not delayed by communication gaps. | Scope: Create the initial coordinated response communication capability by defining participating assets, ownership assignments, and usage boundaries. | Implementation Guidance: Create a mechanism that captures operational context, ownership, and classification information for controlled use. | Expected Outcome: Operations teams can start using coordinated response communication with clear accountability and consistent setup standards.","MedWatch\Core Platform"
"Coordinated Response Communication","Provide Coordinated Response Communication Control Policies","Implement Coordinated Response Communication Decision Rules","Business Objective: Ensure the right people are informed quickly so critical issues are not delayed by communication gaps. | Scope: Include business rules for prioritization, severity handling, and response timing so teams can act consistently. | Implementation Guidance: Establish a process that applies configurable decision criteria and escalation pathways to operational conditions. | Expected Outcome: Operations teams can prioritize work using agreed decision rules and respond with consistent urgency.","MedWatch\Core Platform"
"Reliable Automation Oversight","Deliver Reliable Operations Automation Oversight Governance","Establish Reliable Operations Automation Oversight Framework","Business Objective: Scale operational consistency by governing automated workflows and their execution controls. | Scope: Include oversight practices, evidence retention expectations, and operating guidance to sustain reliable daily use. | Implementation Guidance: Develop a system that records activity history, preserves required evidence, and guides teams through repeatable operations. | Expected Outcome: Operations teams can run the capability confidently with traceable oversight and repeatable execution.","MedWatch\Operational"
"Reliable Automation Oversight","Enable Reliable Operations Automation Oversight Setup","Configure Reliable Operations Automation Oversight Components","Business Objective: Scale operational consistency by governing automated workflows and their execution controls. | Scope: Create the initial reliable operations automation oversight capability by defining participating assets, ownership assignments, and usage boundaries. | Implementation Guidance: Create a mechanism that captures operational context, ownership, and classification information for controlled use. | Expected Outcome: Operations teams can start using reliable operations automation oversight with clear accountability and consistent setup standards.","MedWatch\Operational"
"Reliable Automation Oversight","Provide Reliable Operations Automation Oversight Control Policies","Implement Reliable Operations Automation Oversight Decision Rules","Business Objective: Scale operational consistency by governing automated workflows and their execution controls. | Scope: Include business rules for prioritization, severity handling, and response timing so teams can act consistently. | Implementation Guidance: Establish a process that applies configurable decision criteria and escalation pathways to operational conditions. | Expected Outcome: Operations teams can prioritize work using agreed decision rules and respond with consistent urgency.","MedWatch\Operational"
"Planned Change Control","Deliver Planned Change Risk Control Governance","Establish Planned Change Risk Control Framework","Business Objective: Reduce planned-change risk by coordinating maintenance periods with clear timing and communication controls. | Scope: Include oversight practices, evidence retention expectations, and operating guidance to sustain reliable daily use. | Implementation Guidance: Develop a system that records activity history, preserves required evidence, and guides teams through repeatable operations. | Expected Outcome: Operations teams can run the capability confidently with traceable oversight and repeatable execution.","MedWatch\Operational"
"Planned Change Control","Enable Planned Change Risk Control Setup","Configure Planned Change Risk Control Components","Business Objective: Reduce planned-change risk by coordinating maintenance periods with clear timing and communication controls. | Scope: Create the initial planned change risk control capability by defining participating assets, ownership assignments, and usage boundaries. | Implementation Guidance: Create a mechanism that captures operational context, ownership, and classification information for controlled use. | Expected Outcome: Operations teams can start using planned change risk control with clear accountability and consistent setup standards.","MedWatch\Operational"
"Planned Change Control","Provide Planned Change Risk Control Control Policies","Implement Planned Change Risk Control Decision Rules","Business Objective: Reduce planned-change risk by coordinating maintenance periods with clear timing and communication controls. | Scope: Include business rules for prioritization, severity handling, and response timing so teams can act consistently. | Implementation Guidance: Establish a process that applies configurable decision criteria and escalation pathways to operational conditions. | Expected Outcome: Operations teams can prioritize work using agreed decision rules and respond with consistent urgency.","MedWatch\Operational"
"Policy-Driven Response Decisions","Deliver Policy-Driven Response Decisions Governance","Establish Policy-Driven Response Decisions Framework","Business Objective: Standardize response quality by applying consistent decision policies to recurring operational conditions. | Scope: Include oversight practices, evidence retention expectations, and operating guidance to sustain reliable daily use. | Implementation Guidance: Develop a system that records activity history, preserves required evidence, and guides teams through repeatable operations. | Expected Outcome: Operations teams can run the capability confidently with traceable oversight and repeatable execution.","MedWatch\Operational"
"Policy-Driven Response Decisions","Enable Policy-Driven Response Decisions Setup","Configure Policy-Driven Response Decisions Components","Business Objective: Standardize response quality by applying consistent decision policies to recurring operational conditions. | Scope: Create the initial policy-driven response decisions capability by defining participating assets, ownership assignments, and usage boundaries. | Implementation Guidance: Create a mechanism that captures operational context, ownership, and classification information for controlled use. | Expected Outcome: Operations teams can start using policy-driven response decisions with clear accountability and consistent setup standards.","MedWatch\Operational"
"Policy-Driven Response Decisions","Provide Policy-Driven Response Decisions Control Policies","Implement Policy-Driven Response Decisions Decision Rules","Business Objective: Standardize response quality by applying consistent decision policies to recurring operational conditions. | Scope: Include business rules for prioritization, severity handling, and response timing so teams can act consistently. | Implementation Guidance: Establish a process that applies configurable decision criteria and escalation pathways to operational conditions. | Expected Outcome: Operations teams can prioritize work using agreed decision rules and respond with consistent urgency.","MedWatch\Operational"
"Safe Automated Issue Correction","Deliver Safe Automated Issue Correction Governance","Establish Safe Automated Issue Correction Framework","Business Objective: Lower disruption duration by enabling approved corrective actions to run quickly and safely. | Scope: Include oversight practices, evidence retention expectations, and operating guidance to sustain reliable daily use. | Implementation Guidance: Develop a system that records activity history, preserves required evidence, and guides teams through repeatable operations. | Expected Outcome: Operations teams can run the capability confidently with traceable oversight and repeatable execution.","MedWatch\Operational"
"Safe Automated Issue Correction","Enable Safe Automated Issue Correction Setup","Configure Safe Automated Issue Correction Components","Business Objective: Lower disruption duration by enabling approved corrective actions to run quickly and safely. | Scope: Create the initial safe automated issue correction capability by defining participating assets, ownership assignments, and usage boundaries. | Implementation Guidance: Create a mechanism that captures operational context, ownership, and classification information for controlled use. | Expected Outcome: Operations teams can start using safe automated issue correction with clear accountability and consistent setup standards.","MedWatch\Operational"
"Safe Automated Issue Correction","Provide Safe Automated Issue Correction Control Policies","Implement Safe Automated Issue Correction Decision Rules","Business Objective: Lower disruption duration by enabling approved corrective actions to run quickly and safely. | Scope: Include business rules for prioritization, severity handling, and response timing so teams can act consistently. | Implementation Guidance: Establish a process that applies configurable decision criteria and escalation pathways to operational conditions. | Expected Outcome: Operations teams can prioritize work using agreed decision rules and respond with consistent urgency.","MedWatch\Operational"
"Business Workflow Reliability","Deliver Business Workflow Reliability Visibility Governance","Establish Business Workflow Reliability Visibility Framework","Business Objective: Reveal workflow interruptions early so patient-facing and internal business processes stay on track. | Scope: Include oversight practices, evidence retention expectations, and operating guidance to sustain reliable daily use. | Implementation Guidance: Develop a system that records activity history, preserves required evidence, and guides teams through repeatable operations. | Expected Outcome: Operations teams can run the capability confidently with traceable oversight and repeatable execution.","MedWatch\Automation"
"Business Workflow Reliability","Enable Business Workflow Reliability Visibility Setup","Configure Business Workflow Reliability Visibility Components","Business Objective: Reveal workflow interruptions early so patient-facing and internal business processes stay on track. | Scope: Create the initial business workflow reliability visibility capability by defining participating assets, ownership assignments, and usage boundaries. | Implementation Guidance: Create a mechanism that captures operational context, ownership, and classification information for controlled use. | Expected Outcome: Operations teams can start using business workflow reliability visibility with clear accountability and consistent setup standards.","MedWatch\Automation"
"Business Workflow Reliability","Provide Business Workflow Reliability Visibility Control Policies","Implement Business Workflow Reliability Visibility Decision Rules","Business Objective: Reveal workflow interruptions early so patient-facing and internal business processes stay on track. | Scope: Include business rules for prioritization, severity handling, and response timing so teams can act consistently. | Implementation Guidance: Establish a process that applies configurable decision criteria and escalation pathways to operational conditions. | Expected Outcome: Operations teams can prioritize work using agreed decision rules and respond with consistent urgency.","MedWatch\Automation"
"Historical Performance Insight","Deliver Historical Performance Insight Governance","Establish Historical Performance Insight Framework","Business Objective: Support planning and service improvement with trend-based reporting on operational performance over time. | Scope: Include oversight practices, evidence retention expectations, and operating guidance to sustain reliable daily use. | Implementation Guidance: Develop a system that records activity history, preserves required evidence, and guides teams through repeatable operations. | Expected Outcome: Operations teams can run the capability confidently with traceable oversight and repeatable execution.","MedWatch\Automation"
"Historical Performance Insight","Enable Historical Performance Insight Setup","Configure Historical Performance Insight Components","Business Objective: Support planning and service improvement with trend-based reporting on operational performance over time. | Scope: Create the initial historical performance insight capability by defining participating assets, ownership assignments, and usage boundaries. | Implementation Guidance: Create a mechanism that captures operational context, ownership, and classification information for controlled use. | Expected Outcome: Operations teams can start using historical performance insight with clear accountability and consistent setup standards.","MedWatch\Automation"
"Historical Performance Insight","Provide Historical Performance Insight Control Policies","Implement Historical Performance Insight Decision Rules","Business Objective: Support planning and service improvement with trend-based reporting on operational performance over time. | Scope: Include business rules for prioritization, severity handling, and response timing so teams can act consistently. | Implementation Guidance: Establish a process that applies configurable decision criteria and escalation pathways to operational conditions. | Expected Outcome: Operations teams can prioritize work using agreed decision rules and respond with consistent urgency.","MedWatch\Automation"
"Practical AI Operations Guidance","Deliver Practical AI-Assisted Operations Guidance Governance","Establish Practical AI-Assisted Operations Guidance Framework","Business Objective: Increase team efficiency with affordable AI-generated guidance that prioritizes clear, actionable next steps. | Scope: Include oversight practices, evidence retention expectations, and operating guidance to sustain reliable daily use. | Implementation Guidance: Develop a system that records activity history, preserves required evidence, and guides teams through repeatable operations. | Expected Outcome: Operations teams can run the capability confidently with traceable oversight and repeatable execution.","MedWatch\Presentation"
"Practical AI Operations Guidance","Enable Practical AI-Assisted Operations Guidance Setup","Configure Practical AI-Assisted Operations Guidance Components","Business Objective: Increase team efficiency with affordable AI-generated guidance that prioritizes clear, actionable next steps. | Scope: Create the initial practical AI-assisted operations guidance capability by defining participating assets, ownership assignments, and usage boundaries. | Implementation Guidance: Create a mechanism that captures operational context, ownership, and classification information for controlled use. | Expected Outcome: Operations teams can start using practical AI-assisted operations guidance with clear accountability and consistent setup standards.","MedWatch\Presentation"
"Practical AI Operations Guidance","Provide Practical AI-Assisted Operations Guidance Control Policies","Implement Practical AI-Assisted Operations Guidance Decision Rules","Business Objective: Increase team efficiency with affordable AI-generated guidance that prioritizes clear, actionable next steps. | Scope: Include business rules for prioritization, severity handling, and response timing so teams can act consistently. | Implementation Guidance: Establish a process that applies configurable decision criteria and escalation pathways to operational conditions. | Expected Outcome: Operations teams can prioritize work using agreed decision rules and respond with consistent urgency.","MedWatch\Presentation"
"Continuous Monitoring Solution Currency","Deliver Continuous Monitoring Solution Currency Governance","Establish Continuous Monitoring Solution Currency Framework","Business Objective: Keep monitoring capabilities current without manual rollout delays that increase operational exposure. | Scope: Include oversight practices, evidence retention expectations, and operating guidance to sustain reliable daily use. | Implementation Guidance: Develop a system that records activity history, preserves required evidence, and guides teams through repeatable operations. | Expected Outcome: Operations teams can run the capability confidently with traceable oversight and repeatable execution.","MedWatch\Presentation"
"Continuous Monitoring Solution Currency","Enable Continuous Monitoring Solution Currency Setup","Configure Continuous Monitoring Solution Currency Components","Business Objective: Keep monitoring capabilities current without manual rollout delays that increase operational exposure. | Scope: Create the initial continuous monitoring solution currency capability by defining participating assets, ownership assignments, and usage boundaries. | Implementation Guidance: Create a mechanism that captures operational context, ownership, and classification information for controlled use. | Expected Outcome: Operations teams can start using continuous monitoring solution currency with clear accountability and consistent setup standards.","MedWatch\Presentation"
"Continuous Monitoring Solution Currency","Provide Continuous Monitoring Solution Currency Control Policies","Implement Continuous Monitoring Solution Currency Decision Rules","Business Objective: Keep monitoring capabilities current without manual rollout delays that increase operational exposure. | Scope: Include business rules for prioritization, severity handling, and response timing so teams can act consistently. | Implementation Guidance: Establish a process that applies configurable decision criteria and escalation pathways to operational conditions. | Expected Outcome: Operations teams can prioritize work using agreed decision rules and respond with consistent urgency.","MedWatch\Presentation"
